Object ID,Name,Longitude,Latitude,Distance (Parsecs),Diameter (Parsecs)
18218,Alessi 1,123.2672,-13.3038,302,2.10839199
19656,Alessi 10,31.6536,-20.9888,513,1.343033928
19729,Alessi 12,67.4656,-11.508,537,3.124174608
18303,Alessi 13,238.5486,-56.9814,100,2.909702824
19500,Alessi 19,40.2164,12.7578,550,7.03987907
18339,Alessi 2,152.2918,6.3292,501,2.186038761
18186,Alessi 20,117.4752,-3.7597,450,2.618023415
18597,Alessi 21,223.437,0.0038,500,3.054364183
19348,Alessi 24,328.8934,-14.7543,500,9.600490454
18606,Alessi 3,257.9214,-15.3777,288,3.016039197
19424,Alessi 31,15.1977,7.6544,650,3.403423144
18567,Alessi 33,237.8828,-9.6045,750,6.545150843
18758,Alessi 34,264.9227,-10.4438,1100,7.679573474
19818,Alessi 37,101.7346,-11.4833,600,3.141621363
19533,Alessi 40,13.9074,-5.601,800,6.004045351
30727,Alessi 43,262.5038,1.4779,850,5.934215866
19613,Alessi 44,40.208,-10.641,500,5.759841294
19000,Alessi 5,288.0832,-2.0497,398,1.910277535
26828,Alessi 56,43.2108,0.967,3900,1.247910458
26846,Alessi 57,50.1969,0.7653,3900,1.41808008
19237,Alessi 8,326.4865,4.2607,575,2.007136792
19386,Alessi 9,344.2881,-8.9685,211,4.604036378
19836,Alessi J2327+55,111.2293,-5.3655,1000,3.665207842
26943,Alessi-Teutsch 11,87.4576,9.2775,550,2.111858774
26611,Alessi-Teutsch 12,330.6618,-10.334,700,6.719724022
18735,Alessi-Teutsch 3,266.4551,-12.8466,800,5.026614394
19794,Alessi-Teutsch 5,104.4508,4.1477,900,3.298687057
18814,Alessi-Teutsch 7,258.2955,0.2747,900,7.854181012
19081,Alessi-Teutsch 8,297.0692,1.3932,650,2.268937243
18298,Alessi-Teutsch 9,155.7355,-17.7959,700,5.864443484
19359,Antalova 1,355.8565,1.6437,1250,6.36323453
18685,Arp-Madore 2,248.1255,-5.8761,13341,3.880739701
30011,ASCC 1,118.1525,0.1971,4000,13.96269073
31437,ASCC 100,64.377,12.6628,350,1.893700717
31448,ASCC 101,67.9939,11.5874,350,2.199143797
31463,ASCC 102,63.2686,6.6426,1500,4.712404484
31479,ASCC 104,54.9016,-1.5568,800,6.702221124
31483,ASCC 105,62.7899,2.1516,500,5.236179161
31498,ASCC 107,58.8654,-1.8908,700,1.343905175
31509,ASCC 108,74.455,5.9857,1100,4.223717547
31510,ASCC 109,70.3391,3.5111,450,3.927090506
30131,ASCC 11,150.5641,-9.2301,650,3.970673438
31529,ASCC 110,70.4505,1.3944,800,3.211423074
31550,ASCC 111,74.6215,2.0778,1600,15.35936919
31632,ASCC 113,82.8849,-6.6536,450,3.691454168
31658,ASCC 114,97.0706,1.002,550,1.535893734
31667,ASCC 115,97.4508,-2.5433,600,1.675520437
31668,ASCC 116,99.4941,-0.318,5000,15.70801495
31671,ASCC 117,104.8495,5.394,1200,7.330474039
31686,ASCC 119,97.7321,-8.3873,1000,3.665207842
30173,ASCC 12,163.0341,-1.8562,500,2.18167541
31695,ASCC 120,104.7362,-0.6003,2500,13.09008901
31696,ASCC 121,103.5643,-2.5913,2500,10.03569711
31697,ASCC 122,95.9112,-15.9023,700,8.796922486
31702,ASCC 123,104.7462,-3.9989,250,5.585982931
31713,ASCC 125,110.1783,2.7651,1500,14.39940862
31717,ASCC 126,106.5859,-8.4543,800,4.188828485
31720,ASCC 127,112.2603,4.135,350,4.398461243
31723,ASCC 128,109.9354,-5.963,900,5.497855529
30199,ASCC 13,163.4007,3.2604,800,9.77433013
31749,ASCC 130,116.2076,0.3363,3400,8.901199521
30207,ASCC 14,171.8366,-1.0291,1100,4.223717547
30211,ASCC 15,170.9846,0.0772,1400,4.886941754
30220,ASCC 17,176.5624,-3.0711,2000,8.726701641
30225,ASCC 18,202.0846,-18.4808,500,5.410731873
30229,ASCC 19,204.8888,-19.4664,350,4.887239507
30015,ASCC 2,118.4626,-6.8875,1200,6.283242727
30236,ASCC 20,201.6686,-17.5262,450,5.890822688
30237,ASCC 21,199.861,-16.4792,500,6.981770725
30310,ASCC 23,167.5205,14.4219,600,3.769960795
30324,ASCC 24,216.6402,-8.2268,400,2.443491346
30373,ASCC 25,190.181,9.7281,1400,5.131290978
30383,ASCC 26,206.3555,3.0696,800,2.373654748
30392,ASCC 27,217.1182,-1.4574,1200,4.188807218
30394,ASCC 28,213.0803,0.6625,800,4.188828485
30395,ASCC 29,214.7267,-0.1156,750,2.879807419
30024,ASCC 3,120.0209,-7.477,1700,6.230853331
30402,ASCC 30,219.0925,-1.596,800,3.630309763
30416,ASCC 31,210.8906,3.6984,600,1.780241061
30424,ASCC 33,236.6762,-8.7291,800,12.56740426
30450,ASCC 34,209.6722,6.9927,550,2.879819583
30453,ASCC 35,213.4631,5.6893,800,5.585144344
30458,ASCC 36,234.3172,-4.6368,750,2.356202242
30470,ASCC 37,237.6905,-5.454,1600,4.468054499
30504,ASCC 38,221.98,5.3651,500,2.268943602
30525,ASCC 39,237.953,-1.7185,1500,7.854053409
30043,ASCC 4,123.1377,-1.2911,750,5.236072823
30530,ASCC 40,229.9738,2.8475,700,2.199122092
30596,ASCC 43,244.7361,-0.3845,1000,6.108728366
30650,ASCC 45,253.6325,-0.3108,3000,10.47201804
30651,ASCC 46,264.4407,-7.3285,900,6.283287387
30682,ASCC 48,257.3945,1.6155,400,2.234044671
30045,ASCC 5,123.8553,-7.02,1500,3.403397882
30753,ASCC 51,286.2453,-14.08,500,5.759841294
30770,ASCC 52,275.9642,-2.4087,1500,7.068635794
30783,ASCC 53,280.5657,-5.3662,2500,13.52643369
30791,ASCC 54,277.9035,-0.9036,1200,4.60769187
30800,ASCC 55,280.616,-2.0922,1100,4.415706726
30824,ASCC 56,286.3898,-6.8759,800,4.886982693
30827,ASCC 57,287.9686,-8.5965,1500,9.948522605
30832,ASCC 58,281.7116,1.3281,600,4.188858258
30837,ASCC 59,283.7838,-0.5127,550,3.359800601
30069,ASCC 6,130.3457,-4.3366,1200,6.283242727
30859,ASCC 60,285.6711,-0.3223,800,1.675518532
30881,ASCC 61,286.4096,1.9373,1700,9.494689853
30885,ASCC 62,288.4364,-0.6657,3000,14.66088243
30893,ASCC 63,289.1279,-0.6732,3500,9.162999507
30905,ASCC 64,290.1422,-0.7682,1500,4.712404484
30922,ASCC 65,291.1159,-0.5714,3500,13.43910129
30930,ASCC 66,289.2932,4.8401,1000,5.236035606
30947,ASCC 67,294.5631,0.7105,1500,5.236009022
30969,ASCC 69,299.0466,-7.2372,1000,6.981430431
30080,ASCC 7,131.5454,-2.7686,2000,8.726701641
30978,ASCC 70,299.0117,-1.836,2700,14.13729614
30981,ASCC 71,299.9908,-4.8239,1300,9.3027637
30999,ASCC 72,300.6944,1.8416,1100,4.799685903
31001,ASCC 73,301.4964,-4.4596,650,4.53792978
31043,ASCC 74,308.6625,3.5671,550,1.919869975
31053,ASCC 75,309.3324,-0.2428,3000,8.901205306
31058,ASCC 76,308.9767,-4.2448,600,3.66523702
31076,ASCC 77,312.0013,-0.8639,2200,12.28724569
31112,ASCC 78,314.7702,-8.6469,2400,6.702081749
31119,ASCC 79,320.0418,-2.8648,800,7.260769042
30090,ASCC 8,134.0235,-1.3231,2200,11.51927833
31120,ASCC 80,320.9227,-2.7319,1500,6.545026231
31133,ASCC 81,328.8356,2.8479,700,3.176521042
31134,ASCC 82,320.5548,-7.7407,800,4.188828485
31137,ASCC 83,328.1023,1.1059,600,2.199124705
31139,ASCC 84,323.5653,-5.4452,900,3.927015739
31193,ASCC 85,339.8987,-0.211,1200,4.60769187
31217,ASCC 87,355.1502,8.0105,900,8.639645171
31226,ASCC 88,349.889,3.075,1900,18.23925092
30111,ASCC 9,137.8776,-1.7515,2900,8.604498462
31271,ASCC 90,354.2878,-1.9158,500,3.141633996
31293,ASCC 91,353.1316,-4.9369,800,4.188828485
31345,ASCC 93,8.3295,-1.0497,2500,11.78105966
31357,ASCC 94,15.5446,0.9136,850,3.708848198
31359,ASCC 95,6.1579,-4.2785,1500,8.377667517
31410,ASCC 98,1.5483,-12.9423,800,9.076101481
31417,ASCC 99,15.8935,-7.9184,280,1.123998076
19845,Aveni-Hunter 1,110.5656,-12.5353,500,3.417989692
19734,Barkhatova 1,86.2171,0.8017,833,2.423105613
19550,Basel 1,27.3554,-1.9467,2178,1.583886575
18260,Basel 10,134.3001,-2.6154,1944,0.565486694
18610,Basel 11a,228.2558,-0.7762,1520,1.105375388
18437,Basel 11b,187.4423,-1.1139,1800,1.832596348
19751,Basel 12,88.2946,-1.2462,1466,0.852884324
19757,Basel 13,88.7502,-1.2444,1236,1.797690397
19765,Basel 14,88.589,-3.5909,964,0.701040706
19760,Basel 15,90.8197,-0.1052,1355,1.182460868
19040,Basel 17,290.265,1.3351,1636,2.379467225
19143,Basel 18,307.1343,0.2624,2226,1.942551951
18909,Basel 20,277.7763,-3.6655,2024,2.943790747
18425,Basel 4,179.2295,1.1993,3000,1.57079647
19428,Basel 5,359.7671,-1.873,766,0.557051018
19664,Basel 6,74.906,3.2977,1548,1.576032859
18506,Basel 7,203.8157,0.53,1684,1.224639574
18498,Basel 8,203.7791,-0.1199,1328,5.601376563
18305,Berkeley 10,138.6088,8.9015,2290,3.330672338
18180,Berkeley 104,117.6302,1.2061,4365,1.904590667
18324,Berkeley 11,157.0815,-3.6422,2200,1.59988543
18337,Berkeley 12,161.6696,-1.9911,3162,1.839577239
18350,Berkeley 14,162.873,0.707,5500,3.999713574
18351,Berkeley 15,162.2656,1.6091,1202,1.398591138
18377,Berkeley 17,175.6462,-3.6479,2700,2.748894522
18379,Berkeley 18,163.6315,5.0171,5800,10.12291994
18385,Berkeley 19,176.9015,-3.5879,4831,2.810562189
18194,Berkeley 2,119.707,-2.308,5250,1.527163139
18402,Berkeley 20,203.4833,-17.3727,8400,2.443461022
18431,Berkeley 21,186.8398,-2.5085,5000,3.636103249
18438,Berkeley 22,199.8766,-8.0785,6000,1.30899696
18496,Berkeley 23,192.6061,5.4458,6918,4.024729709
18511,Berkeley 24,210.5974,-2.6392,4700,4.785112686
18541,Berkeley 27,207.7805,2.5955,5035,1.464622172
18544,Berkeley 28,210.4075,1.5066,2557,1.115701795
18546,Berkeley 29,197.9835,8.0248,14871,12.97739895
18554,Berkeley 30,210.7801,2.8582,4790,2.090031912
18553,Berkeley 31,206.2536,5.12,8272,6.015569216
18557,Berkeley 32,207.952,4.4045,3100,2.705261027
18555,Berkeley 33,225.4245,-4.622,4000,1.745329363
18561,Berkeley 34,213.7314,2.1081,7280,2.117666219
18594,Berkeley 35,212.6023,5.36,4400,3.839725329
18605,Berkeley 36,227.3757,-0.5872,6140,4.46513479
18714,Berkeley 39,223.4615,10.0946,4780,4.866561412
18211,Berkeley 4,122.2904,1.5357,1250,0.727220604
19585,Berkeley 44,53.2121,3.3541,1800,2.617995724
18243,Berkeley 5,129.2927,0.7597,6200,1.803506945
19680,Berkeley 52,67.8987,-3.1774,4900,2.138028469
19745,Berkeley 54,83.129,-4.1429,2300,1.338085911
19762,Berkeley 56,85.9909,-5.2214,12100,3.519747424
18176,Berkeley 58,116.7534,-1.2889,3715,2.701624714
18179,Berkeley 59,118.221,4.9961,1000,1.454442069
18189,Berkeley 60,118.8438,-1.6703,4365,1.904590667
18221,Berkeley 62,123.9817,1.0977,2320,1.687151908
18262,Berkeley 64,131.9189,4.6051,3981,1.158025991
18277,Berkeley 65,135.8344,0.2678,2274,1.653699758
18287,Berkeley 66,139.4337,0.2185,5000,2.908882415
18333,Berkeley 67,154.8777,2.5031,2450,3.563383069
18336,Berkeley 68,162.1251,-2.4076,1678,2.928665459
18387,Berkeley 69,174.4351,-1.7867,2860,1.247910494
18248,Berkeley 7,130.1379,0.3763,2570,1.495165561
18389,Berkeley 70,166.8944,3.5802,4168,3.637267084
18476,Berkeley 73,215.2781,-9.4237,6850,1.992584286
18630,Berkeley 78,211.7849,9.5989,4800,4.188791268
19546,Berkeley 79,31.1379,0.8326,2300,2.007129149
18253,Berkeley 8,127.3517,13.2127,3150,2.290745047
19559,Berkeley 80,32.1828,-1.2064,1445,0.840667018
19571,Berkeley 81,34.5047,-2.0676,3000,2.18166195
19578,Berkeley 82,46.8535,1.624,860,0.250163867
19696,Berkeley 86,76.6668,1.2724,1112,0.97040331
19701,Berkeley 87,75.7149,0.3042,633,0.92066183
19789,Berkeley 93,105.0721,7.3185,5600,1.628974014
19806,Berkeley 94,103.0947,-1.1846,2630,1.147554056
19810,Berkeley 96,103.6608,-2.0659,3087,0.897971925
19831,Berkeley 99,115.9519,10.1063,4900,3.563381184
19037,BH 111,291.9402,-3.1666,667,0.194022441
19131,BH 144,305.346,-3.1559,12000,2.61799392
19159,BH 151,308.6723,0.5979,3800,0.829031408
19221,BH 164,314.2881,-6.0748,541,4.721235475
19317,BH 205,344.6042,1.6166,417,0.242600793
19342,BH 221,353.9968,3.0089,833,1.211550243
19343,BH 222,349.1269,-0.4415,6000,1.745329301
18784,BH 23,254.0812,-0.9593,437,2.478830456
19400,BH 245,359.4212,-0.518,1000,0.145444105
18811,BH 34,262.5755,-2.9694,670,2.436199484
18851,BH 52,270.8096,-6.0467,667,0.582067453
18874,BH 56,264.4882,1.4635,667,1.940229824
18893,BH 63,271.6314,0.3993,2300,0.836303637
18899,BH 66,276.0027,-3.0062,7000,4.072435381
18958,BH 90,283.0986,-1.4759,2572,1.496329114
18963,BH 91,284.0403,-1.6011,909,0.661043571
18965,BH 92,282.9836,0.4376,1249,0.363319383
18993,BH 99,286.5578,-0.6245,507,1.474807378
19719,Bica 1,80.1379,0.7432,1800,0.785398213
19720,Bica 2,80.2227,0.7865,1800,1.30899717
19515,Bica 3,18.4441,-0.4155,1640,0.834849231
18616,Bica 4,235.6199,-4.1071,3930,1.428988388
19665,Biurakan 1,72.7318,1.7443,1667,2.424554929
19668,Biurakan 2,72.7509,1.3454,1106,3.217232662
18181,Blanco 1,15.5717,-79.2613,269,2.738807115
18480,Bochum 1,192.4312,3.4008,2803,10.59972596
18997,Bochum 10,287.0164,-0.3147,2027,5.89632062
19007,Bochum 11,288.0251,-0.856,2412,7.367057682
19020,Bochum 12,289.8544,-1.7752,2218,3.225952509
19340,Bochum 13,351.2015,1.3597,1077,2.193009236
19464,Bochum 14,6.3877,-0.499,578,0.168133389
18691,Bochum 15,247.988,-5.4833,2806,1.224348548
18536,Bochum 2,212.3015,-0.3897,2661,0.580540152
18573,Bochum 3,218.7886,0.3504,1762,1.025090163
18661,Bochum 4,232.7531,0.7739,2291,1.666062509
18659,Bochum 5,232.4543,0.7698,872,1.902411903
18663,Bochum 6,234.7452,-0.2178,3981,5.790133876
18843,Bochum 7,265.1888,-1.9577,5754,16.73775474
18988,Bochum 9,286.7839,-1.5693,4600,10.03565912
30219,Briceno 1,200.9817,-18.3439,460,4.977873323
31041,C1331-622,207.0012,54.0576,819,0.833831338
18991,Carraro 1,286.2357,-0.2895,1900,1.105375318
18509,Collinder 106,206.0044,-0.4626,769,3.914661883
18510,Collinder 107,207.1539,-0.8885,1738,7.330717219
18514,Collinder 110,209.6492,-1.9784,1950,5.105099725
18552,Collinder 121,235.7016,-9.9906,1100,9.59955457
18604,Collinder 132,242.9893,-8.8023,472,5.492217237
18611,Collinder 135,248.765,-11.1321,316,2.29805736
18633,Collinder 140,244.9298,-7.5911,405,3.534381455
18763,Collinder 173,261.3751,-8.1626,421,22.67772378
18800,Collinder 185,255.0556,0.5572,1486,2.161300914
18844,Collinder 197,261.4858,0.9914,838,3.047067414
18876,Collinder 205,269.2092,-1.8434,1853,1.347539864
18932,Collinder 213,276.8352,2.7765,1400,3.461576737
18971,Collinder 220,284.5675,-0.342,1547,2.13752064
18982,Collinder 223,286.3576,-1.7051,2820,7.382759603
19002,Collinder 228,287.6677,-1.0471,2201,4.481720825
19003,Collinder 232,287.493,-0.5436,2300,1.338085911
19019,Collinder 236,289.5392,-1.2603,769,1.118465951
19045,Collinder 240,290.8752,0.2054,1577,7.339744278
19116,Collinder 261,301.6836,-5.5276,2190,2.866704934
19134,Collinder 268,305.5413,-4.3474,1963,1.427534136
19137,Collinder 269,306.1676,-3.5133,1300,2.836164534
19147,Collinder 271,307.1027,-1.6402,1169,0.85012094
19148,Collinder 272,307.5947,1.2015,2045,2.974334031
19215,Collinder 285,109.8666,44.6768,25,1.456084187
19249,Collinder 292,325.077,-2.6428,1667,3.394379198
19314,Collinder 316,344.3931,1.613,1000,14.54543609
19365,Collinder 333,354.1,-0.1735,855,0.870483265
19379,Collinder 338,351.7338,-3.3378,500,1.454445146
19402,Collinder 347,359.7382,-0.3336,1514,2.202025292
19411,Collinder 350,26.749,14.6623,286,1.622300939
19463,Collinder 359,29.7496,12.517,249,8.695271603
19479,Collinder 367,7.1383,-2.1374,1250,7.272287264
19556,Collinder 394,14.883,-9.2358,690,2.207849039
19691,Collinder 419,78.0986,2.7805,769,0.447386115
19705,Collinder 421,79.4499,2.5253,1111,1.13111919
19746,Collinder 428,86.2116,-1.41,1000,1.454442069
18241,Collinder 463,127.192,9.3889,702,5.819933725
19489,Collinder 469,12.7334,-0.8711,1481,0.646208197
18391,Collinder 65,188.0051,-10.3171,310,9.9226746
18404,Collinder 69,195.0478,-12.0034,400,4.072575636
18409,Collinder 70,205.0299,-17.3509,387,7.881250839
18426,Collinder 74,199.0311,-10.3895,2510,2.190388767
18471,Collinder 89,188.1998,3.6844,667,5.820820816
18492,Collinder 95,201.7472,0.0056,556,2.183418118
18488,Collinder 96,207.9636,-3.3858,962,1.679008445
18493,Collinder 97,205.3696,-1.7581,630,2.290754739
18281,Czernik 13,135.6586,2.3103,3961,2.304416649
18347,Czernik 19,174.0754,-8.8558,2525,5.141456194
18376,Czernik 20,168.2857,1.4445,3370,17.64543999
18647,Czernik 29,230.7976,0.9354,4168,3.031055669
18674,Czernik 31,236.2692,0.2755,2200,1.59988543
18726,Czernik 32,245.886,-1.7298,4100,1.788962597
19834,Czernik 43,112.8415,0.134,2510,1.825323831
18270,Czernik 8,135.7957,-1.5785,1409,0.409861498
19496,Dias 5,11.6608,-1.7445,1760,0.76794492
19518,Dias 6,19.6041,-1.028,2190,1.911136016
18523,Dolidze 23,211.9616,-1.845,625,0.909026293
18530,Dolidze 25,211.9423,-1.2732,6800,19.78045398
19648,Dolidze 36,77.6594,5.9819,900,1.832598247
19660,Dolidze 38,77.2081,4.9993,1200,3.141599831
19683,Dolidze 39,75.536,1.4529,1429,2.494078034
19695,Dolidze 42,76.1219,1.0648,972,0.989602028
18995,ESO 062-11,291.5066,-9.1549,910,0.794125011
18960,ESO 092-18,287.1283,-6.6552,10607,7.713629433
19054,ESO 093-08,293.5066,-4.041,14000,2.036217475
18732,ESO 123-26,273.0994,-16.2725,550,1.279910429
19015,ESO 128-16,287.9357,1.1612,900,1.308997862
19085,ESO 130-06,297.3748,3.0997,2200,3.199772552
19377,ESO 139-13,333.982,-13.805,1500,1.090830975
18880,ESO 165-09,274.9233,-5.9213,450,0.981749262
18883,ESO 166-04,273.8972,-3.9715,885,0.514872187
19197,ESO 175-06,314.642,3.9601,550,1.439899923
19579,ESO 282-26,355.0152,-21.8939,1400,3.054331037
19311,ESO 332-08,344.3972,1.807,1200,1.745330483
18771,ESO 430-18,248.5794,0.7595,830,1.44862475
18690,ESO 493-03,242.4936,-2.4987,1400,1.425352715
19478,ESO 521-38,6.4755,-2.3893,1800,0.785398213
30963,Feigelson 1,300.2173,-15.6085,114,0.298451984
19031,Feinstein 1,290.0252,0.3847,1159,4.214261496
19504,Ferrero 1,0.6584,-8.1578,750,3.272513116
18463,Ferrero 11,208.1229,-7.9039,1500,4.712404484
19862,Frolov 1,116.5593,-0.568,2560,1.489347796
18649,Haffner 10,230.8175,1.0069,5248,2.289872124
18669,Haffner 11,242.3889,-3.5197,5200,3.781547379
18693,Haffner 13,245.0089,-3.7246,714,1.453861276
18709,Haffner 15,247.9516,-4.1576,2078,0.906698604
18724,Haffner 16,242.0973,0.4673,3165,2.301653357
18727,Haffner 17,247.7055,-2.527,2880,0.837758065
18733,Haffner 18,243.1514,0.4468,6028,4.383686077
18734,Haffner 19,243.0809,0.5237,5094,1.481784577
18744,Haffner 20,246.9721,-0.9305,3117,1.360047906
18755,Haffner 21,244.8501,1.6332,2951,1.287616737
18593,Haffner 23,230.0452,-3.8004,588,0.940733269
18787,Haffner 26,249.6092,2.3392,1000,0.72722065
18618,Haffner 6,227.8605,0.2581,3054,2.665118444
18628,Haffner 8,227.5334,1.3446,1182,0.859574808
18634,Haffner 9,231.7964,-0.5872,1900,1.105375318
19265,Harvard 10,329.8356,-3.2845,1312,4.770587647
19633,Harvard 20,56.2793,-4.6542,1540,1.567887986
19105,Harvard 5,299.9844,1.9545,1184,0.861029249
19344,Havlen-Moffat 1,348.7035,-0.7667,3300,2.399828145
18715,Herschel 1,219.3531,12.3528,370,2.324809157
19041,Hogg 10,290.7985,0.0768,1776,0.774926237
19044,Hogg 11,290.9034,0.1194,2270,0.660316252
19048,Hogg 12,291.2058,-0.1721,1428,0.830776818
19109,Hogg 14,300.0612,2.9277,969,0.422806038
19119,Hogg 15,302.0474,-0.2417,2262,0.657989147
19145,Hogg 16,307.4773,1.3372,1585,1.383173783
19209,Hogg 17,314.8976,-0.8999,1310,0.762127193
19223,Hogg 18,320.7653,6.4261,1535,1.116283698
19301,Hogg 22,338.5606,-1.1434,1216,0.530580126
19107,Hogg 23,300.1488,1.8526,1250,1.272636353
18954,Hogg 6,283.959,-3.8502,2000,0.872664681
19671,IC 1311,77.6884,4.2785,5333,3.878267726
19756,IC 1369,89.5756,-0.4191,2083,1.514800614
19803,IC 1442,101.3634,-2.2031,2346,1.706059645
18217,IC 1590,123.1227,-6.2429,2940,1.71042286
18245,IC 166,130.0714,-0.189,3970,4.041893056
18269,IC 1805,134.7257,0.9189,2344,6.818438843
18283,IC 1848,137.191,0.9204,2002,5.241235718
18443,IC 2157,186.382,1.2462,2040,1.483530126
18828,IC 2391,270.3622,-6.8386,175,1.527201863
18834,IC 2395,266.6365,-3.5919,800,2.164213552
18903,IC 2488,277.8298,-4.4192,1134,2.96881184
18974,IC 2581,284.588,0.0351,2446,1.77878171
18999,IC 2602,289.6014,-4.9061,161,2.341815211
19053,IC 2714,292.4021,-1.799,1238,2.5208407
19065,IC 2944,294.8489,-1.6541,1794,16.9607423
18307,IC 348,160.49,-17.8022,385,0.447968044
18322,IC 361,147.4836,5.7006,1070,0.933751387
19352,IC 4651,340.0882,-7.9069,888,1.291544557
19401,IC 4665,30.6192,17.0817,352,3.58386656
19523,IC 4725,13.7024,-4.4337,620,2.615100504
19536,IC 4756,36.3808,5.2421,484,2.745432358
19685,IC 4996,75.3534,1.3062,1732,1.511455516
19787,IC 5146,94.3834,-5.495,852,2.478374528
19247,Johansson 1,327.8996,1.8,570,2.404205302
25611,Juchert 11,147.0712,-0.5077,3600,2.61799434
25615,Juchert 9,145.1203,3.6802,4400,1.919862299
18449,Kharchenko 1,186.5814,2.1706,2520,2.565634887
19509,Kharchenko 2,16.6612,-0.3205,1990,0.810414594
19511,Kharchenko 3,16.6797,-0.4477,2130,2.478368656
19822,King 10,108.4815,-0.3958,3379,1.965822736
19849,King 11,117.1633,6.4773,2892,2.103122119
19857,King 12,116.1239,-0.1302,2378,1.037598306
18200,King 14,120.7292,0.3785,2960,3.444117945
18201,King 15,120.7483,-0.9265,3162,1.379682861
18210,King 16,122.0894,1.3242,2300,1.672607495
19828,King 19,110.5699,0.1443,1967,1.430443018
18215,King 2,122.8741,-4.6884,5750,4.181518737
19841,King 20,112.8415,-2.865,1900,1.65806321
19853,King 21,115.9465,0.6825,2103,1.223475944
18274,King 4,136.0146,-1.1977,3172,2.306743901
18292,King 5,143.7406,-4.2728,1900,1.381719235
18299,King 6,143.3607,-0.0765,871,1.266819042
18313,King 7,149.7745,-1.0191,2200,2.239839981
18427,King 8,176.3949,3.1194,6403,3.72511482
18397,Kronberger 1,173.1072,0.0466,1900,0.442150085
26865,Kronberger 31,61.6436,1.908,11900,2.250020321
26313,Kronberger 39,289.5248,-1.9556,11100,1.291543652
19618,Kronberger 4,63.844,1.8842,7900,1.493710969
19601,Kronberger 79,54.1792,-0.6123,2700,0.824668097
27021,Kronberger 81,95.2667,2.07,5900,3.003421014
18950,Loden 1,281.0212,-0.1738,360,1.099560848
19164,Loden 1010,309.5035,1.9058,1111,5.009274342
18985,Loden 112,284.687,1.1641,2500,2.545272705
19181,Loden 1171,311.7586,3.3189,714,1.14231897
19188,Loden 1194,312.1806,1.8316,500,1.018110137
19190,Loden 1225,312.5802,1.6933,1429,0.831358594
19196,Loden 1256,313.1116,-0.2883,1250,1.818052586
18977,Loden 143,285.3549,-0.8637,400,2.385311585
18986,Loden 153,285.6766,0.0819,2670,0.776671539
18987,Loden 165,286.1171,-0.3608,1900,3.039784374
19010,Loden 189,286.6728,2.5893,720,2.303842475
19244,Loden 2313,327.1996,2.2703,1410,4.306613321
19246,Loden 2326,327.5066,1.9856,900,0.209439514
18944,Loden 28,282.2139,-2.2144,3950,11.49011665
19032,Loden 306,290.5548,-0.7845,2000,7.563129477
19042,Loden 309,290.7941,0.093,1000,0.21816616
19062,Loden 372,292.5555,2.7568,1200,1.047197817
19063,Loden 402,293.4675,0.7032,2450,3.563383069
18968,Loden 46,282.5659,2.0929,540,2.98454341
19077,Loden 480,295.7135,3.6593,1429,0.519599086
19076,Loden 481,295.8281,0.7629,1520,5.747978402
19086,Loden 565,297.6693,1.7804,1111,2.585419066
18981,Loden 59,283.1177,3.2178,1111,0.323176809
19094,Loden 615,299.6586,-2.1074,1667,0.606138332
19120,Loden 682,302.4225,2.2176,900,3.403408264
19122,Loden 694,303.1249,2.1045,1700,5.686885692
19140,Loden 807,306.7594,0.1412,925,2.690723519
19139,Loden 821,307.0737,2.8735,2800,7.737646047
18980,Loden 89,284.353,0.8677,380,1.934423297
19153,Loden 915,308.3702,3.1705,500,2.327122472
19177,Loden 995,309.2996,-2.7538,2400,9.250290841
19641,Loiano 1,69.0527,1.7035,2700,2.356195088
19183,Lynga 1,310.8494,-0.3374,1900,0.829031447
19298,Lynga 12,335.6974,-3.4609,1000,1.16355336
19312,Lynga 14,340.919,-1.0887,881,0.384408792
19198,Lynga 2,313.8653,-0.4518,900,1.701698049
19258,Lynga 6,330.3692,0.3231,1600,1.16355304
18833,Mamajek 1,292.4817,-21.6535,97,0.564329492
19361,Mamajek 2,17.0255,12.3087,161,0.234165173
30227,Mamajek 3,197.2713,-15.556,92,3.346689443
19486,Markarian 38,11.9833,-0.9314,1471,0.427896567
19830,Markarian 50,111.3503,-0.2251,2114,0.61493769
18267,Markarian 6,134.6647,0.0922,698,0.609120064
18190,Mayer 1,119.4438,-0.9215,1429,1.454877878
18998,Melotte 101,289.8641,-5.5605,1995,4.352421727
19055,Melotte 105,292.904,-2.4119,2208,1.605703195
19101,Melotte 111,221.353,84.0249,96,1.675686233
18297,Melotte 20,146.5676,-5.8625,185,8.077274438
18308,Melotte 22,166.5707,-23.5211,133,2.321523635
18327,Melotte 25,180.0639,-22.3429,45,2.161505002
18640,Melotte 66,259.5593,-14.2436,4313,8.782218045
18679,Melotte 71,228.9488,4.498,3154,3.211116045
18684,Melotte 72,227.8411,5.3608,909,0.661043571
19256,Moffat 1,328.5466,-0.9812,2100,2.138029072
18280,NGC 1027,135.758,1.5247,772,2.245663305
18193,NGC 103,119.7966,-1.389,3026,1.760455637
18279,NGC 1039,143.658,-15.6133,499,2.540203224
18288,NGC 1193,146.8125,-12.1631,4300,1.876229065
18290,NGC 1220,143.0364,-3.9632,1800,1.047197669
18293,NGC 1245,146.6474,-8.9309,2800,16.28992347
18289,NGC 1252,274.0838,-50.8313,640,1.303180976
18196,NGC 129,120.2702,-2.5426,1625,4.490598152
18198,NGC 133,120.6779,0.5663,630,0.641408722
18301,NGC 1342,154.9518,-15.3421,665,1.450807243
18304,NGC 1348,146.9689,-3.709,1820,1.588250022
18199,NGC 136,120.5581,-1.2699,4093,0.892954093
18310,NGC 1444,148.0963,-1.2922,1199,0.697550003
18202,NGC 146,120.8683,0.5036,3470,3.532838515
18315,NGC 1496,149.8471,0.1872,1230,0.715585074
18317,NGC 1502,143.6724,7.6576,1080,1.256637629
18318,NGC 1513,152.5899,-1.5743,1320,1.919863531
18320,NGC 1528,152.0569,0.2578,1090,2.536549758
18325,NGC 1545,153.3588,0.1845,711,1.8613979
18329,NGC 1582,159.3028,-3.0393,1100,3.83973995
18331,NGC 1605,158.5738,-1.5791,2559,2.233149345
18338,NGC 1647,180.3366,-16.7717,540,3.141628098
18341,NGC 1662,187.695,-21.1142,437,1.271185057
18342,NGC 1663,185.8451,-19.735,700,1.221731717
18344,NGC 1664,161.6769,-0.4459,1199,1.569488226
18352,NGC 1708,155.7638,6.8513,600,1.745334175
18354,NGC 1746,179.075,-10.6451,420,2.565665914
18355,NGC 1750,179.1782,-10.6955,630,1.832600884
18356,NGC 1758,179.1545,-10.4898,760,0.994838242
18360,NGC 1778,168.9032,-2.0153,1469,1.709259885
18365,NGC 1798,160.7031,4.8497,4571,3.324125591
18362,NGC 1802,179.664,-9.2608,400,1.454447453
18366,NGC 1817,186.1562,-13.096,1972,4.589060664
18212,NGC 188,122.8431,22.3839,2047,5.061319701
18390,NGC 1883,163.0829,6.1589,4800,2.094395235
18204,NGC 189,121.4993,-1.7438,752,0.546869929
18381,NGC 1893,173.585,-1.6804,6000,21.8167118
18388,NGC 1896,177.3223,-3.4513,820,2.385290039
18372,NGC 1901,279.0225,-33.603,415,2.414399372
18395,NGC 1907,172.6193,0.3063,1800,1.832596348
18399,NGC 1912,172.2496,0.6952,1400,4.072446408
18400,NGC 1931,173.8977,0.2814,3086,2.244202925
18411,NGC 1960,174.5345,1.0721,1330,1.934407952
18407,NGC 1976,209.0102,-19.3858,399,2.727555774
18406,NGC 1977,208.4721,-19.1272,476,1.384631779
18408,NGC 1980,209.5231,-19.593,500,1.454445146
18405,NGC 1981,208.0924,-18.976,400,1.628982974
18412,NGC 1996,181.7791,-3.0505,1400,4.479693702
18433,NGC 2099,177.6354,3.0915,1383,2.81609264
18434,NGC 2112,205.8724,-12.6146,850,2.22529988
18440,NGC 2126,163.2369,13.1286,1300,0.945386845
18439,NGC 2129,186.6013,0.1443,2200,1.59988543
18441,NGC 2141,198.0444,-5.8104,4033,5.865764864
18442,NGC 2143,202.2354,-8.0371,800,1.27990921
18447,NGC 2158,186.6341,1.7808,5071,3.687735915
18450,NGC 2168,186.5874,2.2194,912,3.316140193
18448,NGC 2169,195.6076,-2.9345,1052,0.765036124
18455,NGC 2175,190.0426,0.4825,1627,5.206044038
18453,NGC 2180,203.8491,-7.0089,910,1.323542283
18457,NGC 2184,211.427,-10.5815,640,3.257976079
18459,NGC 2186,203.5447,-6.1933,1445,1.050833839
18466,NGC 2192,173.4149,10.6544,3631,2.64053818
18462,NGC 2194,197.2502,-2.3495,3781,4.949320253
18470,NGC 2202,203.6216,-4.9047,900,0.916298174
18468,NGC 2204,226.0136,-16.1065,2629,3.823728199
18474,NGC 2215,215.9933,-10.1024,1293,1.316415043
18482,NGC 2225,218.78,-9.8604,3200,1.303179247
18483,NGC 2232,214.4324,-7.5421,359,2.767419788
18487,NGC 2236,204.3698,-1.6992,2930,2.983059611
18495,NGC 2240,179.2122,11.8464,450,0.719948931
18486,NGC 2243,239.4782,-18.0141,4458,3.241949657
18494,NGC 2244,206.3059,-2.0719,1445,6.094871336
18208,NGC 225,122.0111,-1.0828,657,1.146682483
18500,NGC 2251,203.5771,0.1058,1329,1.93295351
18501,NGC 2252,206.2479,-1.261,900,2.356199873
18502,NGC 2254,204.3274,0.0467,2364,1.719149616
18513,NGC 2259,201.7618,2.0753,3311,1.44469638
18516,NGC 2262,210.5674,-2.1038,3600,2.61799434
25816,NGC 2264,202.9358,2.1959,667,3.783478064
18525,NGC 2266,187.7897,10.294,3400,2.47255021
18524,NGC 2269,207.8873,0.2987,1687,0.736092659
18528,NGC 2270,208.9832,-0.0775,1400,2.850708385
18535,NGC 2281,174.9014,16.8813,558,2.028954197
18534,NGC 2286,215.3058,-2.2731,2600,5.294172715
18531,NGC 2287,231.0196,-10.4445,710,4.027390443
18542,NGC 2301,212.5581,0.2793,870,1.771511639
18543,NGC 2302,219.2966,-3.1174,1500,1.090830975
18548,NGC 2304,197.2068,8.8967,3991,1.741402372
18547,NGC 2306,219.693,-2.6045,1200,2.094397229
18551,NGC 2309,219.8446,-2.2455,2511,1.826051052
18556,NGC 2311,217.7588,-0.6934,2290,1.998402501
18564,NGC 2319,211.2581,3.4088,1100,2.879799845
18569,NGC 2323,221.6723,-1.331,950,1.934409261
18576,NGC 2324,213.4472,3.2975,3800,5.858493164
18583,NGC 2335,223.6004,-1.1825,1417,1.236566089
18591,NGC 2343,224.2681,-1.1727,1056,0.767945006
18592,NGC 2345,226.5799,-2.314,2251,3.928740135
18602,NGC 2353,224.6854,0.3843,1119,2.929541842
18601,NGC 2354,238.3684,-6.7917,4085,10.69452942
18608,NGC 2355,203.3897,11.8027,2200,2.239839981
18607,NGC 2358,231.0252,-2.2796,630,1.832600884
18612,NGC 2360,229.8071,-1.426,1887,3.567893575
18615,NGC 2362,238.1789,-5.5481,1480,1.076286562
18619,NGC 2367,235.5965,-3.8373,1400,1.01810891
18631,NGC 2374,228.4147,1.0199,1468,2.562145944
18636,NGC 2383,235.27,-2.4609,3400,2.47255021
18637,NGC 2384,235.3899,-2.3927,2900,2.108939885
18644,NGC 2395,204.6052,13.9879,512,1.042544781
18646,NGC 2396,227.5233,2.6273,588,0.855211937
18653,NGC 2401,229.6653,1.8541,5888,1.712749821
30526,NGC 2413,229.6013,2.918,440,1.53589598
18664,NGC 2414,231.4116,1.9457,3455,2.512547345
18683,NGC 2420,198.1072,19.6341,2480,1.803507212
18670,NGC 2421,236.2706,0.0691,2200,1.919862665
18671,NGC 2422,230.9582,3.1303,490,1.78169813
18676,NGC 2423,230.4836,3.537,766,1.336923565
18682,NGC 2425,231.5042,3.2972,3550,4.130614427
18687,NGC 2428,233.0711,2.7141,2100,3.665195151
18689,NGC 2430,232.9082,2.8974,650,1.418082267
18695,NGC 2432,235.4712,1.7784,1900,1.65806321
18699,NGC 2437,231.8576,4.0645,1510,4.39242434
18694,NGC 2439,246.4425,-4.4666,1300,1.701696993
18705,NGC 2447,240.0387,0.1347,1037,1.508256425
18706,NGC 2448,240.7595,-0.2635,1040,3.025245903
18702,NGC 2451A,252.5754,-7.2985,189,3.299007271
18704,NGC 2451B,252.0509,-6.7264,302,4.744195108
18717,NGC 2453,243.2752,-0.9396,2150,1.250819438
18731,NGC 2467,243.1723,0.3778,1355,2.759078472
18729,NGC 2477,253.5634,-5.8376,1300,2.836164534
18738,NGC 2479,235.9844,5.381,1666,2.423100487
18740,NGC 2482,241.6258,2.0346,1343,1.953315699
18741,NGC 2483,244.7908,0.2394,1659,1.689042967
18743,NGC 2489,246.7128,-0.7731,3957,3.453134802
18752,NGC 2506,230.5639,9.9348,3460,6.038845344
18754,NGC 2509,237.8401,5.848,912,0.795870341
18746,NGC 2516,273.8158,-15.8558,409,1.784610486
18768,NGC 2527,246.0874,1.8551,601,0.874119683
18772,NGC 2533,247.7996,1.3098,1700,1.236275105
18776,NGC 2539,233.7054,11.1116,1363,1.784163847
18779,NGC 2546,254.8552,-1.9858,919,9.356742524
18775,NGC 2547,264.4649,-8.5974,455,1.654433978
18783,NGC 2548,227.8725,15.393,770,3.359780132
18790,NGC 2567,249.7951,2.9611,1677,1.707368931
18791,NGC 2571,249.1061,3.5323,1342,1.561488609
18796,NGC 2579,254.6742,0.2127,1033,1.051706682
18797,NGC 2580,249.871,3.6748,4000,2.036217637
18799,NGC 2588,252.2797,2.4493,4950,1.439896674
18820,NGC 2627,251.5835,6.6508,2000,2.32710672
18826,NGC 2632,205.9196,32.4844,187,1.90392911
18823,NGC 2635,255.5998,3.9569,4000,4.654213439
18824,NGC 2645,264.7868,-2.9081,1668,0.727802344
18838,NGC 2658,254.5554,6.0699,2021,1.763655657
18835,NGC 2659,264.1789,-1.6501,1713,1.245728973
18836,NGC 2660,265.9288,-3.0127,2826,1.43858776
18850,NGC 2669,270.8353,-6.0924,1046,3.042699245
18847,NGC 2670,267.4854,-3.625,1188,1.20951359
18848,NGC 2671,262.1477,0.7869,1660,1.448623647
18865,NGC 2682,215.6961,31.8964,908,3.301595719
18886,NGC 2818,261.9796,8.5844,1855,2.428190709
18889,NGC 2849,265.2743,6.3575,6400,3.257948218
18896,NGC 2866,273.1232,-0.7637,2600,0.756309364
18906,NGC 2910,275.3143,-1.176,2607,1.516691291
18910,NGC 2925,275.9359,-1.2537,774,1.125738161
18916,NGC 2972,274.6856,1.7571,2062,0.899717287
18926,NGC 3033,279.5957,-2.0713,922,0.536397917
18929,NGC 3036,283.6615,-6.8303,1200,0.69813178
18938,NGC 3105,279.9147,0.2636,8530,2.48127649
18943,NGC 3114,283.3317,-3.8395,911,4.637525325
18966,NGC 3228,280.6971,4.5453,544,0.395608034
18972,NGC 3255,286.0885,-2.6349,1445,0.420333473
18989,NGC 3293,285.8562,0.0736,2327,2.0306911
18992,NGC 3324,286.2283,-0.1884,2317,4.043931983
18994,NGC 3330,284.1877,3.8485,894,0.520108176
19023,NGC 3496,289.5148,-0.4113,990,1.151917826
19030,NGC 3532,289.5709,1.3468,486,3.53435404
19039,NGC 3572,290.7047,0.2022,1995,1.450805196
19047,NGC 3590,291.2039,-0.1783,1651,0.720384694
19051,NGC 3603,291.6173,-0.5222,6900,4.014257732
18224,NGC 366,124.6778,-0.5909,1785,0.90866212
19059,NGC 3680,286.7642,16.9185,938,0.68213297
19064,NGC 3766,294.1169,-0.0304,2218,3.000135547
18226,NGC 381,124.9391,-1.2226,1148,1.001819245
19074,NGC 3960,294.3673,6.1826,1850,1.345358202
19080,NGC 4052,297.2911,-0.9066,1209,1.582578203
19084,NGC 4103,297.5736,1.1551,1632,1.424189031
18229,NGC 433,125.8879,-2.6087,2323,0.675733328
19096,NGC 4337,299.3131,4.556,489,0.2844887
19097,NGC 4349,299.7194,0.8297,2176,1.582432134
18230,NGC 436,126.1105,-3.9086,3014,2.191843039
19106,NGC 4439,300.0682,2.6389,1785,1.038471022
19111,NGC 4463,300.6434,-2.0138,1050,0.53450713
18231,NGC 457,126.6349,-4.3826,2429,7.065694518
19118,NGC 4609,301.8949,-0.1417,1223,0.711512639
19124,NGC 4755,303.2057,2.5089,1976,2.873977528
19125,NGC 4815,303.6249,-2.0971,3079,2.239112381
19126,NGC 4852,304.0353,3.2397,1100,1.599886276
19132,NGC 5043,306.0129,2.6505,970,1.975133667
31017,NGC 5045,305.4529,-0.8679,1500,9.861252337
19142,NGC 5138,307.5357,3.5178,1986,2.021964637
19149,NGC 5168,307.7316,1.5616,1777,1.03381681
19166,NGC 5281,309.1611,-0.7138,1108,1.128064863
19174,NGC 5316,310.2293,0.1145,1215,2.474007634
19184,NGC 5359,308.6803,-8.2906,2500,5.817774675
19189,NGC 5460,315.7463,12.6281,678,3.451418409
18232,NGC 559,127.193,0.7504,1258,1.097812378
19199,NGC 5593,316.3149,5.6068,1428,2.076943274
19200,NGC 5606,314.8408,0.9938,1805,0.787579875
19202,NGC 5617,314.6704,-0.0999,2000,2.908884138
19210,NGC 5662,316.937,3.3938,666,2.80912409
19222,NGC 5749,319.5289,4.5445,1031,1.499529773
19224,NGC 5764,320.9681,5.8729,2800,1.221730554
18233,NGC 581,128.0525,-1.804,2194,1.595522106
19228,NGC 5822,321.5732,3.5927,917,4.668068851
19229,NGC 5823,321.1247,2.4601,1192,2.080434581
19250,NGC 5999,326.0083,-1.925,2050,0.894481298
19252,NGC 6005,325.78,-2.986,2690,1.956223548
19257,NGC 6025,324.5509,-5.884,756,1.539382528
19260,NGC 6031,329.2813,-1.4982,1823,0.795433857
19262,NGC 6067,329.7455,-2.2049,1417,2.885324129
19266,NGC 6087,327.7258,-5.4257,891,1.814272265
18236,NGC 609,127.7405,2.087,3981,1.737039048
19276,NGC 6124,340.7408,6.0161,512,2.904259024
19279,NGC 6134,334.9171,-0.1977,913,0.796743006
19282,NGC 6152,332.918,-3.1669,1030,3.745202192
19284,NGC 6167,335.2224,-1.4273,1108,1.128064863
19287,NGC 6178,338.4048,1.2106,1014,0.737401739
19290,NGC 6192,340.6474,2.1221,1547,2.025019421
19292,NGC 6193,336.7107,-1.5737,1155,2.351834417
19294,NGC 6200,337.996,-1.0691,2054,4.182396445
19299,NGC 6204,338.5598,-1.0396,1200,0.87266478
19307,NGC 6208,333.7545,-5.7649,939,2.458301868
19306,NGC 6216,340.6725,0.006,4300,2.501638877
19310,NGC 6231,343.4644,1.184,1243,2.531021802
19315,NGC 6242,345.4684,2.4656,1131,1.480476384
19320,NGC 6249,341.5373,-1.1858,981,0.713403458
19321,NGC 6250,340.6833,-1.9198,865,1.25809239
19322,NGC 6253,335.4598,-6.2507,1510,0.878482489
19324,NGC 6259,341.9975,-1.5167,1031,2.099343103
19326,NGC 6268,346.0487,1.2996,1080,0.942478035
19331,NGC 6281,347.7307,1.9724,479,0.557342059
19338,NGC 6318,347.9025,-0.6878,2100,1.221730614
19341,NGC 6322,345.2791,-3.0566,996,0.724311767
18237,NGC 637,128.5459,1.7324,2160,0.942477856
19369,NGC 6383,355.6897,0.0411,985,2.865256937
19375,NGC 6396,353.93,-1.7739,1192,0.52010815
19383,NGC 6400,352.5816,-3.2418,1000,1.745331024
19382,NGC 6404,355.6586,-1.1769,2400,1.74532956
19384,NGC 6405,356.5803,-0.7768,487,1.416629572
19393,NGC 6416,356.9317,-1.5493,741,1.508839224
19404,NGC 6425,357.9403,-1.6056,778,1.13155593
19415,NGC 6444,355.3928,-3.7591,1000,0.436332341
19423,NGC 6451,359.4776,-1.6006,2080,2.117666891
19434,NGC 6469,6.5927,1.9593,625,0.636318176
19438,NGC 6475,355.8607,-4.5007,301,3.502452094
19448,NGC 6494,9.8937,2.8341,628,2.648843736
19467,NGC 6514,7.0859,-0.2874,816,3.323125267
19468,NGC 6520,2.8812,-2.8437,1900,0.552687612
19470,NGC 6530,6.0829,-1.3314,1330,2.708172966
19469,NGC 6531,7.6773,-0.3549,1205,2.453645431
18239,NGC 654,129.0821,-0.3575,2410,1.752601766
19474,NGC 6546,7.328,-1.382,938,1.909974618
19480,NGC 6561,13.4337,1.1584,3400,7.417661089
19482,NGC 6568,9.4087,-1.6514,769,1.342159558
19487,NGC 6583,9.2826,-2.5338,2040,1.483530126
18240,NGC 659,129.3753,-1.5341,1938,1.409353619
19494,NGC 6596,14.3072,-0.2883,1249,1.816598144
19499,NGC 6603,12.8598,-1.3061,3600,3.141593451
19497,NGC 6604,18.2467,1.6946,1696,1.233366222
19501,NGC 6611,16.9541,0.7933,1800,1.570796726
19503,NGC 6613,14.1828,-1.0113,1296,0.942477962
19506,NGC 6618,15.0953,-0.7455,1300,4.726954223
18242,NGC 663,129.4668,-0.9406,2420,4.927653065
19516,NGC 6631,19.4815,-0.1772,2600,2.268928604
19517,NGC 6633,36.0113,8.3276,376,1.09374275
19519,NGC 6639,18.9149,-1.5204,700,0.509054455
19529,NGC 6649,21.635,-0.7854,1369,0.99556507
19534,NGC 6664,24.2942,-0.2871,1164,2.031565312
19543,NGC 6683,26.3547,-0.7879,1197,0.522289812
19547,NGC 6694,23.8787,-2.9137,1600,1.628974531
19553,NGC 6704,28.219,-2.2184,2974,2.162754213
19554,NGC 6705,27.3071,-2.7761,1877,8.736017762
19555,NGC 6709,42.1204,4.715,1075,2.188936795
19560,NGC 6716,15.3952,-9.5929,789,1.147554792
31433,NGC 6728,25.9187,-5.6011,1000,2.268931921
19570,NGC 6738,44.398,3.1019,700,1.527165518
19576,NGC 6755,38.5978,-1.6877,1421,2.893469011
19577,NGC 6756,39.0885,-1.6816,1507,0.87673716
19589,NGC 6791,69.9585,10.9037,5853,8.512849429
19590,NGC 6793,56.1669,3.3169,909,0.793252346
19596,NGC 6800,59.2369,3.9447,1000,0.72722065
19600,NGC 6802,55.3257,0.9164,1124,0.81739601
19604,NGC 6811,79.2105,12.0147,1215,2.474007634
19609,NGC 6819,73.9778,8.4808,2360,1.716240734
19615,NGC 6823,59.4019,-0.1441,3176,2.771583556
19625,NGC 6827,58.2632,-2.3374,4100,1.788962597
19627,NGC 6828,46.8311,-9.2747,600,0.785398612
19629,NGC 6830,60.1354,-1.8,1639,1.191914645
19632,NGC 6834,65.6982,1.1888,2067,1.503165083
19653,NGC 6866,79.5604,6.8392,1450,2.952519399
19662,NGC 6871,72.6448,2.054,1574,6.638980957
19673,NGC 6883,73.2775,1.1751,1380,7.025010921
19679,NGC 6885,65.5296,-4.0743,597,1.736607504
19704,NGC 6910,78.6826,2.0134,1139,1.656609516
19706,NGC 6913,76.9051,0.5935,1148,1.669699495
19718,NGC 6939,95.9029,12.3043,1800,2.617995724
19721,NGC 6940,69.8603,-7.1472,770,2.799811347
19736,NGC 6991,87.4084,1.5347,700,2.545283043
19738,NGC 6996,85.4659,-0.4781,760,1.547527409
19748,NGC 7031,91.3361,2.3028,900,1.832598247
19750,NGC 7036,64.5443,-21.4429,1000,0.581776483
19752,NGC 7039,87.8793,-1.7051,951,1.936445481
19758,NGC 7044,85.8904,-4.1501,3161,2.758493583
19767,NGC 7058,92.8986,0.5898,400,0.407243633
19768,NGC 7062,89.9587,-2.7483,1480,1.076286562
19769,NGC 7063,83.0585,-9.8827,689,0.901899406
19770,NGC 7067,91.2162,-1.6953,3600,3.141593451
19773,NGC 7082,91.1987,-2.9049,1442,5.243283069
19775,NGC 7086,94.4067,0.2199,1298,2.265439669
19776,NGC 7092,92.4027,-2.242,326,1.375036717
19784,NGC 7128,97.3421,0.4294,2307,1.342158346
19785,NGC 7142,105.3469,9.485,1686,2.942628107
19788,NGC 7160,104.0117,6.4571,789,0.573777093
19792,NGC 7209,95.4962,-7.3387,1168,2.378305281
19795,NGC 7226,101.4049,-0.5958,2616,0.760963575
19797,NGC 7235,102.7011,0.782,3330,2.421644764
19800,NGC 7243,98.8569,-5.5239,808,3.408066463
19801,NGC 7245,101.3678,-1.8522,2106,1.531526689
19805,NGC 7261,104.0374,0.9104,1681,1.222457912
19807,NGC 7281,104.4454,0.2884,833,1.453860743
19817,NGC 7380,107.1409,-0.884,2222,6.463554227
19821,NGC 7419,109.1336,1.1197,2300,1.672607495
19823,NGC 7423,107.6126,-2.275,4150,3.017965697
19825,NGC 7438,106.7098,-4.9009,600,0.698132016
18251,NGC 744,132.4038,-6.1594,1207,0.877755324
19829,NGC 7510,110.9027,0.0643,3480,3.036873669
18250,NGC 752,137.1252,-23.2541,457,4.985294413
19833,NGC 7654,112.8189,0.4345,1400,3.054331037
19854,NGC 7762,117.2186,5.8505,744,1.514947884
19856,NGC 7772,102.7396,-44.273,1500,0.654498511
19860,NGC 7788,116.4344,-0.7816,2374,1.381137371
19861,NGC 7789,115.532,-5.385,2337,8.497609245
19863,NGC 7790,116.5888,-1.0085,2944,2.140937593
18259,NGC 869,134.6322,-3.7409,2079,5.442821707
18263,NGC 884,135.0515,-3.5815,2345,6.13920967
18271,NGC 957,136.2875,-2.645,1815,2.639812355
18225,Pfleiderer 1,124.6522,2.8312,7200,5.235988679
19855,Pfleiderer 4,115.9678,0.2702,7900,4.596034215
18789,Pismis 1,255.112,-0.7112,5907,2.577415136
18887,Pismis 11,271.5328,-0.4043,2800,0.814487007
18912,Pismis 15,272.4929,2.8691,2900,1.518436588
18930,Pismis 16,277.8287,0.689,1824,0.530580108
19026,Pismis 17,289.4694,0.1394,3504,3.057817626
19156,Pismis 18,308.2261,0.31,2240,1.303179322
19204,Pismis 19,314.7123,-0.3016,1500,0.654498511
18788,Pismis 2,258.8512,-3.3378,3310,1.925680159
19232,Pismis 20,320.5165,-1.2003,2018,1.174024943
19263,Pismis 22,331.4684,-0.5971,1000,0.581776483
19272,Pismis 23,334.6681,0.4294,2600,0.378154674
19351,Pismis 24,353.161,0.892,1995,0.580321993
18812,Pismis 3,257.8649,0.5019,1394,1.013745586
18818,Pismis 4,262.8634,-2.4387,593,2.156218349
18822,Pismis 5,259.3399,0.9182,869,0.25278186
18830,Pismis 7,259.0521,1.9943,4900,2.138028469
18831,Pismis 8,265.0825,-2.5791,1312,0.572468031
19804,Pismis-Moreno 1,106.7237,5.3045,900,0.785398363
19774,Platais 1,92.5614,-1.6462,1268,1.844232543
19160,Platais 10,309.5747,3.0774,246,11.60106551
19168,Platais 11,308.6376,-3.7763,232,6.075133804
19172,Platais 12,309.6084,-1.3659,402,7.016936101
18228,Platais 2,128.4465,-30.6035,201,9.830540044
18335,Platais 3,139.3455,16.1483,161,5.059628833
18359,Platais 4,180.7904,-10.8585,276,8.191488768
18454,Platais 5,228.8006,-18.7582,272,11.87577647
18467,Platais 6,205.3679,-6.2202,348,12.76058072
18881,Platais 8,277.6824,-7.6209,132,18.31651362
18885,Platais 9,266.876,3.3779,174,10.03277687
19617,Roslund 1,54.5998,-3.4002,833,0.36346484
19620,Roslund 2,60.1936,-0.2828,1667,3.394379198
19642,Roslund 3,58.8106,-4.6819,1467,1.066832693
19657,Roslund 4,66.984,-1.2704,2000,1.4544413
19670,Roslund 5,71.4004,0.2728,389,2.828937699
19716,Roslund 6,78.1208,0.2968,500,1.745336341
19732,Roslund 7,79.7727,-4.1822,571,1.660976356
18504,Ruprecht 1,223.9909,-9.6891,1000,0.72722065
19114,Ruprecht 105,300.8851,1.2367,950,1.658064473
19136,Ruprecht 107,305.9266,-2.2431,1442,0.629191235
19151,Ruprecht 108,308.2518,3.9836,901,1.310452304
19187,Ruprecht 110,309.9496,-5.6087,800,2.094399887
19253,Ruprecht 113,324.5944,-4.6438,667,2.425291128
19261,Ruprecht 115,330.9588,-0.8494,2160,1.570796604
19269,Ruprecht 116,332.3865,-1.6829,667,0.485056173
19275,Ruprecht 118,332.5472,-1.7985,1343,0.585994334
19280,Ruprecht 119,333.2759,-1.8795,956,1.112357012
18587,Ruprecht 12,239.9388,-9.3048,769,0.55923268
19285,Ruprecht 120,336.3855,-0.4933,2000,0.872664681
19347,Ruprecht 123,349.9633,-0.975,714,1.246166351
19360,Ruprecht 125,348.5007,-3.4029,769,2.236936634
19378,Ruprecht 127,352.8805,-2.4978,1466,1.066105473
19410,Ruprecht 130,359.2215,-0.9601,2100,0.916297915
19413,Ruprecht 131,0.144,-0.8441,600,0.610865449
19461,Ruprecht 137,4.8476,-0.9274,588,0.427605742
19462,Ruprecht 139,6.4103,-0.2356,833,1.453860743
19520,Ruprecht 141,19.6942,-1.2014,1429,1.039198309
19552,Ruprecht 145,16.4884,-8.031,666,3.390331357
19582,Ruprecht 147,21.0123,-12.8165,174,0.632684642
18340,Ruprecht 148,160.3362,-0.3962,3028,1.76161919
18697,Ruprecht 151,233.0584,3.2582,1250,1.272636353
18870,Ruprecht 158,259.5583,4.4398,4168,1.212422088
18955,Ruprecht 161,284.6113,-4.3057,1428,6.646261781
19061,Ruprecht 164,293.2376,0.6126,1000,0.72722065
19195,Ruprecht 167,313.9212,2.0418,1250,2.545275344
19675,Ruprecht 172,73.1194,1.0028,1100,2.399831529
18635,Ruprecht 18,239.928,-4.9414,1056,1.075123191
18642,Ruprecht 20,242.4514,-5.7522,1208,0.878482545
18678,Ruprecht 26,232.0513,2.6928,1250,0.727220604
18680,Ruprecht 27,241.5626,-2.5348,1249,0.908298592
18521,Ruprecht 3,238.7759,-14.8151,720,0.314159285
18701,Ruprecht 31,250.0923,-5.9724,555,0.403607461
18708,Ruprecht 32,241.5663,-0.5727,5346,3.887721594
18711,Ruprecht 34,237.1948,2.1566,1000,0.872664848
18718,Ruprecht 36,242.5928,-0.3334,1681,1.222457912
18537,Ruprecht 4,222.0471,-5.3388,4900,2.138028469
18749,Ruprecht 43,246.1237,0.3653,1000,0.872664848
18747,Ruprecht 44,245.7456,0.4823,4730,6.879510986
18760,Ruprecht 47,248.2522,-0.1878,3006,1.748820108
18764,Ruprecht 49,244.7159,2.2683,1823,0.530289219
18777,Ruprecht 53,245.8315,3.5808,1000,0.72722065
18781,Ruprecht 55,250.6912,0.8043,4600,3.345214989
18782,Ruprecht 56,257.2908,-3.5128,833,4.725093295
18794,Ruprecht 59,253.0703,0.9393,874,0.381354466
18805,Ruprecht 61,253.4958,2.1356,3900,1.134464046
18821,Ruprecht 64,259.7564,0.5297,667,6.791019873
18825,Ruprecht 65,263.0749,-1.5508,664,0.482874512
18832,Ruprecht 67,262.7974,-0.7921,1504,1.312487931
18858,Ruprecht 71,266.3729,-1.8951,1000,0.872664848
18869,Ruprecht 72,259.5377,4.3626,3019,1.317287337
18895,Ruprecht 75,276.7875,-4.4814,4300,1.250819333
18897,Ruprecht 76,273.7544,-0.9372,1262,0.91775246
18902,Ruprecht 77,276.464,-3.1169,4129,3.002694063
18904,Ruprecht 78,275.7058,-1.8814,1641,0.716021371
18918,Ruprecht 79,277.0986,-0.8179,1979,1.439169666
18920,Ruprecht 80,270.7541,6.7078,1428,2.492332703
18925,Ruprecht 82,277.7308,-0.4733,2455,1.785326695
18928,Ruprecht 83,278.5053,-0.6091,2459,1.072941226
18927,Ruprecht 84,285.3196,-8.8177,2500,1.454441207
18940,Ruprecht 85,280.2023,0.0693,833,0.36346484
18975,Ruprecht 89,284.9912,-0.3826,909,0.528834823
18984,Ruprecht 90,285.4175,-0.4372,1000,0.72722065
19008,Ruprecht 91,286.8699,1.4919,769,1.901394651
19016,Ruprecht 92,289.4822,-1.9899,2362,2.404773652
19027,Ruprecht 93,290.4702,-1.1136,1437,1.463022751
19060,Ruprecht 94,294.0407,-1.9654,1111,3.231777114
19075,Ruprecht 96,295.8902,-0.096,860,0.625409759
19078,Ruprecht 97,296.792,-0.4901,1357,0.986838422
19079,Ruprecht 98,297.306,-2.2896,494,1.005892816
19082,Ruprecht 99,297.6326,-1.4771,660,0.479965629
18622,Saurer 1,214.6894,7.3861,13200,4.991641899
18806,Saurer 2,257.9948,-1.0013,6600,2.879793449
18996,Saurer 3,285.0959,2.9986,9550,5.555965412
19091,Saurer 4,298.7891,-1.0227,6190,1.620538248
19630,Saurer 6,68.0099,2.8505,9330,2.442588344
19025,Sher 1,289.6373,-0.2419,5875,0.854484119
19033,Shorlin 1,290.6297,-0.9029,12600,1.466076578
18413,Sigma Orionis,206.8107,-17.3461,399,0.580322385
18220,Skiff J0058+68.4,123.5738,5.6036,1600,2.32710731
19558,Stephenson 1,66.8629,15.5146,390,1.134467214
19602,Stock 1,60.247,2.2571,318,2.405109567
18414,Stock 10,171.6183,3.5617,380,1.381725081
19843,Stock 12,111.5117,-8.6551,476,2.423119709
19049,Stock 13,290.5096,1.5958,1577,1.146826965
19069,Stock 14,295.2174,-0.6623,2146,1.872738763
19135,Stock 16,306.1486,0.0631,1810,0.789761537
19847,Stock 17,115.1232,0.3186,2144,0.311832162
18258,Stock 2,133.3339,-1.6943,303,2.644240941
18192,Stock 20,119.9259,-0.1021,909,0.528834823
18197,Stock 21,120.134,-4.8339,1111,0.646353673
18294,Stock 23,140.0524,2.1464,1000,4.217904039
18205,Stock 24,121.5524,-0.8903,2818,2.049307791
18246,Stock 4,131.2309,-4.813,1538,2.684319115
18256,Stock 5,130.7141,2.6712,526,1.836093831
18265,Stock 6,132.8809,2.7915,1250,2.545275344
18396,Stock 8,173.3731,-0.1885,1821,3.972812013
19714,Teutsch 30,75.3543,-1.4251,1600,0.744673868
19603,Teutsch 35,69.458,7.2607,700,4.398287594
18855,Teutsch 38,259.3792,3.4429,900,7.068728816
26857,Teutsch 42,53.7702,0.1637,1600,0.279252683
26871,Teutsch 43,65.0543,3.1821,8100,1.531526437
26191,Teutsch 48,274.1888,-2.1755,7000,2.239839283
25733,Teutsch 51,182.7434,0.4811,3300,1.727876117
26433,Teutsch 79,306.495,-1.0208,6700,1.948951053
19647,Teutsch 8,71.8603,2.4257,1600,0.255981626
26511,Teutsch 80,317.4151,-1.0876,2500,1.236274988
26615,Teutsch 84,344.4393,-0.4544,2200,1.279908263
18563,Tombaugh 1,232.3342,-7.3139,3000,2.18166195
18571,Tombaugh 2,232.8321,-6.8801,6080,2.652900631
18309,Tombaugh 5,143.9423,3.5726,1750,3.563385481
18235,Trumpler 1,128.2243,-1.1328,2563,1.118319789
18854,Trumpler 10,262.7907,0.6741,424,1.788391312
18949,Trumpler 11,284.4423,-4.8606,3100,2.254384015
18952,Trumpler 12,283.8278,-3.698,1249,0.726638827
18969,Trumpler 13,285.5154,-2.3525,2400,1.74532956
19001,Trumpler 14,287.4081,-0.5773,2500,1.818051625
19004,Trumpler 15,287.4101,-0.3687,1853,3.773116169
19005,Trumpler 16,287.6239,-0.6517,3900,5.672324069
19018,Trumpler 17,288.6692,0.4485,2189,1.591886003
19043,Trumpler 18,290.9865,-0.1346,1358,0.987565643
18276,Trumpler 2,137.3766,-3.9711,725,1.792602239
19152,Trumpler 21,307.5744,-0.2966,1263,0.918479681
19205,Trumpler 22,314.6474,-0.581,1516,2.204934176
19319,Trumpler 24,344.701,1.4956,1138,9.931175546
19358,Trumpler 26,357.5245,2.8398,2800,2.443461573
19372,Trumpler 27,355.0636,-0.7424,1211,1.05679713
19374,Trumpler 28,356.01,-0.3045,1343,0.976657333
19385,Trumpler 29,349.9871,-5.145,500,0.872665512
18291,Trumpler 3,137.9764,4.5547,833,1.696171489
19446,Trumpler 30,355.7481,-5.2543,625,0.636318176
19458,Trumpler 31,2.2484,-2.2931,986,0.717039561
19493,Trumpler 32,17.2067,1.2877,1720,1.250819518
19512,Trumpler 33,12.3971,-3.2283,1755,1.276272241
19544,Trumpler 35,28.2809,0.0111,1206,0.877028104
19780,Trumpler 37,99.3118,3.734,835,10.80928236
18507,Trumpler 5,202.8647,1.0496,2400,5.375623086
18645,Trumpler 7,238.2134,-3.3315,1474,1.071923238
18742,Trumpler 9,243.0719,1.2847,2289,1.664608068
19624,Turner 1,63.4533,0.8292,1675,0.974475609
